channel_id,channel_name,kind,license_id,license_name,license_description,copyright_holder
f9d3e0e4-6ea2-5789-bbed-672ff6a399ed,African Storybook Library (multiple languages),,,CC BY,,African Storybook Initiative
d0ef6f71-e4fe-4e54-bb87-d7dab5eeaae2,Be Strong: Internet safety resources,,,CC BY-NC-ND,,Vodafone
2d7b056d-668a-58ee-9244-ccf76108cbdb,Book Dash,,,CC BY,,http://bookdash.org/
922e9c57-6c2f-59e5-9389-142b136308ff,Career Girls,,,Special Permissions,For use on Kolibri,Career Girls
da53f90b-1be2-5752-a046-82bbc353659f,Ciencia NASA,,,CC BY,,NASA
0294a064-f722-4899-887c-e07bd47f9991,Citoyennes de la Terre,,,CC BY,,Florence Piron
604ad3b8-5d84-4dd8-9ee7-0fa12a9a5a6e,CREE+,,,CC BY-NC-SA,,"Publicado por el Lic. Edelberto Andino(edelberto.andino.ea@gmail.com) para ser utilizado con fines educativos únicamente, no debe ser utilizado con fines lucrativos de ninguna índole."
ef2ead65-de76-4ea4-a27b-ba6df5282c74,CSpathshala - सीएसपाठशाला (हिंदी),,,CC BY,,ए सि एम् इंडिया
7e68bc59-d430-4e71-8a07-50b1b87125ad,Cultura Emprendedora,,,CC BY-NC-SA,"The Attribution-NonCommercial-ShareAlike License lets others remix, tweak, and build upon your work non-commercially, as long as they credit you and license their new creations under the identical terms.",Junta de Andalucia
c51a0f84-2fed-427c-95ac-ff9bb4a21e3c,EENET Inclusive Education Training Materials,,,CC BY-NC-SA,,Enabling Education Network (EENET)
0e173fca-6e90-52f8-a474-a2fb84055faf,Global Digital Library - Book Catalog,,,CC BY,,Enabling Writers Initiative
624e09bb-5eeb-4d20-aa8d-e62e7b4778a0,How to get started with Kolibri,,,CC BY-NC,,Learning Equality
378cf412-8c85-4c27-95c1-00b5aca7a3ed,Inclusive Home Learning Activities,,,CC BY,"The Attribution License lets others distribute, remix, tweak, and build upon your work, even commercially, as long as they credit you for the original creation. This is the most accommodating of licenses offered. Recommended for maximum dissemination and use of licensed materials.",EENET – Enabling Education Network
d76da4d3-6cfd-5927-9b57-5dfc6017aa13,Kamkalima (العربيّة),,,CC BY-NC-ND,,Kamkalima
2fd54ca4-7a8f-59c9-9fce-faaa3894c19e,Khan Academy (English - CBSE India Curriculum),video,,CC BY-NC-SA,,Khan Academy
2fd54ca4-7a8f-59c9-9fce-faaa3894c19e,Khan Academy (English - CBSE India Curriculum),exercise,,Special Permissions,Permission granted to distribute through Kolibri for non-commercial use,Khan Academy
c9d7f950-ab6b-5a11-99e3-d6c10d7f0103,Khan Academy (English - US curriculum),video,,CC BY-NC-SA,,Khan Academy
c9d7f950-ab6b-5a11-99e3-d6c10d7f0103,Khan Academy (English - US curriculum),exercise,,Special Permissions,Permission granted to distribute through Kolibri for non-commercial use,Khan Academy
c1f2b7e6-ac9f-56a2-bb44-fa7a48b66dce,Khan Academy (Español),video,,CC BY-NC-SA,,Khan Academy
c1f2b7e6-ac9f-56a2-bb44-fa7a48b66dce,Khan Academy (Español),exercise,,Special Permissions,Permission granted to distribute through Kolibri for non-commercial use,Khan Academy
878ec2e6-f88c-5c26-8b1b-e6f202833cd4,Khan Academy (Français),video,,CC BY-NC-SA,,Khan Academy
878ec2e6-f88c-5c26-8b1b-e6f202833cd4,Khan Academy (Français),exercise,,Special Permissions,Permission granted to distribute through Kolibri for non-commercial use,Khan Academy
801a5f02-9420-5569-8918-edcff6494185,Khan Academy (Italiano),video,,CC BY-NC-SA,,Khan Academy
801a5f02-9420-5569-8918-edcff6494185,Khan Academy (Italiano),exercise,,Special Permissions,Permission granted to distribute through Kolibri for non-commercial use,Khan Academy
ec164fee-25ee-5262-96e6-8f7c10b1e169,Khan Academy (Kiswahili),video,,CC BY-NC-SA,,Khan Academy
ec164fee-25ee-5262-96e6-8f7c10b1e169,Khan Academy (Kiswahili),exercise,,Special Permissions,Permission granted to distribute through Kolibri for non-commercial use,Khan Academy
2ac071c4-6723-54f2-aa78-953448f81e50,Khan Academy (Português - Brasil),video,,CC BY-NC-SA,,Khan Academy
2ac071c4-6723-54f2-aa78-953448f81e50,Khan Academy (Português - Brasil),exercise,,Special Permissions,Permission granted to distribute through Kolibri for non-commercial use,Khan Academy
c3231d84-4f8d-5bb1-b4cb-c6a7ddd91eb7,Khan Academy (Português (Portugal)),video,,CC BY-NC-SA,,Khan Academy
c3231d84-4f8d-5bb1-b4cb-c6a7ddd91eb7,Khan Academy (Português (Portugal)),exercise,,Special Permissions,Permission granted to distribute through Kolibri for non-commercial use,Khan Academy
09ee940e-1069-53a2-b671-6e1020a0ce3f,Khan Academy (български език),video,,CC BY-NC-SA,,Khan Academy
09ee940e-1069-53a2-b671-6e1020a0ce3f,Khan Academy (български език),exercise,,Special Permissions,Permission granted to distribute through Kolibri for non-commercial use,Khan Academy
a53592c9-72a8-594e-9b69-5aa127493ff6,Khan Academy (हिन्दी),video,,CC BY-NC-SA,,Khan Academy
a53592c9-72a8-594e-9b69-5aa127493ff6,Khan Academy (हिन्दी),exercise,,Special Permissions,Permission granted to distribute through Kolibri for non-commercial use,Khan Academy
a03496a6-de09-5e7b-a9d2-4291a487c78d,Khan Academy (বাংলা),video,,CC BY-NC-SA,,Khan Academy
a03496a6-de09-5e7b-a9d2-4291a487c78d,Khan Academy (বাংলা),exercise,,Special Permissions,Permission granted to distribute through Kolibri for non-commercial use,Khan Academy
5357e525-81c3-567d-a4f5-6d56badfeac7,Khan Academy (ગુજરાતી),video,,CC BY-NC-SA,,Khan Academy
5357e525-81c3-567d-a4f5-6d56badfeac7,Khan Academy (ગુજરાતી),exercise,,Special Permissions,Permission granted to distribute through Kolibri for non-commercial use,Khan Academy
2b608c6f-d4c3-5c34-b738-7e3dd7b53265,Khan Academy (ဗမာစာ),video,,CC BY-NC-SA,,Khan Academy
2b608c6f-d4c3-5c34-b738-7e3dd7b53265,Khan Academy (ဗမာစာ),exercise,,Special Permissions,Permission granted to distribute through Kolibri for non-commercial use,Khan Academy
f5b71417-b1f6-57fc-a4d1-aaecd23e4067,Khan Academy (ភាសាខ្មែរ),video,,CC BY-NC-SA,,Khan Academy
f5b71417-b1f6-57fc-a4d1-aaecd23e4067,Khan Academy (ភាសាខ្មែរ),exercise,,Special Permissions,Permission granted to distribute through Kolibri for non-commercial use,Khan Academy
ec599e77-f9ad-5802-8975-e8a26e6f1821,Khan Academy (中文（中国）),video,,CC BY-NC-SA,,Khan Academy
ec599e77-f9ad-5802-8975-e8a26e6f1822,Khan Academy (中文（中国）),exercise,,Special Permissions,Permission granted to distribute through Kolibri for non-commercial use,Khan Academy
913efe9f-14c6-5cb1-b234-02f21f056e99,MIT Blossoms,,,CC BY-NC-SA,,MIT Blossoms
fc47aee8-2e01-53e2-a301-97d3fdee1128,Open Stax,,,CC BY,"The Attribution License lets others distribute, remix, tweak, and build upon your work, even commercially, as long as they credit you for the original creation. This is the most accommodating of licenses offered. Recommended for maximum dissemination and use of licensed materials.",Rice University
b8bd7770-063d-40a8-bd9b-30d4703927b5,PBS SoCal: Family Math,,,All Rights Reserved,,PBS SoCal
197934f1-4430-5350-b582-0c7c4dd8e194,PhET Interactive Simulations,,,CC BY,,"PhET Interactive Simulations, University of Colorado Boulder"
aa254505-59b5-5bd7-9bc9-0c09dfb805d2,PhET simulações interativas,,,CC BY,,"PhET Interactive Simulations, University of Colorado Boulder"
889f0c34-b275-507a-b8d3-7d2da2d03aa9,PhET – інтерактивне моделювання,,,CC BY,,"PhET Interactive Simulations, University of Colorado Boulder"
f6cb302e-f659-4db4-b4a0-4b4991a595c2,Plan Educativo TIC Basico,,,CC BY-NC-SA,"The Attribution-NonCommercial-ShareAlike License lets others remix, tweak, and build upon your work non-commercially, as long as they credit you and license their new creations under the identical terms.",Junta de Andalucia
e832106c-6398-54e1-8161-6015a8b87910,PraDigi,,,CC BY-NC-SA,"The Attribution-NonCommercial-ShareAlike License lets others remix, tweak, and build upon your work non-commercially, as long as they credit you and license their new creations under the identical terms.",PraDigi
131e543d-becf-5776-bb13-cfcfddf05605,Pratham Books' StoryWeaver,,,CC BY,"The Attribution License lets others distribute, remix, tweak, and build upon your work, even commercially, as long as they credit you for the original creation. This is the most accommodating of licenses offered. Recommended for maximum dissemination and use of licensed materials.",Pratham Books
f758ac6a-d39c-452f-9566-58da6ad7d3cc,Project Based Learning with Kolibri,,,CC BY,,Learning Equality
305b12ea-5ea8-4fa1-8f93-3705c23f5ee0,School of Thought,,,CC BY,,School of Thought
3e464ee1-2f6a-50a7-81cd-df59147b48b1,Sikana (English),,,CC BY-NC-ND,,Sikana Education
30c71c99-c42c-57d1-81e8-aeafd2e15e5f,Sikana (Español),,,CC BY-NC-ND,"The Attribution-NonCommercial-NoDerivs License is the most restrictive of our six main licenses, only allowing others to download your works and share them with others as long as they credit you, but they can't change them in any way or use them commercially.",Sikana Education
8ef625db-6e86-506c-9a3b-ac891e413fff,Sikana (Français),,,CC BY-NC-ND,"The Attribution-NonCommercial-NoDerivs License is the most restrictive of our six main licenses, only allowing others to download your works and share them with others as long as they credit you, but they can't change them in any way or use them commercially.",Sikana Education
f4715a77-6972-5c72-9d25-d29977b8b308,Similasyon Enteraktif PhET,,,CC BY,,"PhET Interactive Simulations, University of Colorado Boulder"
8fa678af-1dd0-5329-bf32-18c549b84996,Simulaciones interactivas PhET,,,CC BY,,"PhET Interactive Simulations, University of Colorado Boulder"
a9b25ac9-8147-42c8-83ce-1b0579448337,TESSA - Teacher Resources,,,CC BY-NC-SA,,Open University
74f36493-bb47-5b62-935f-a8705ed59fed,Thoughtful Learning,,,CC BY-NC-SA,"The Attribution-NonCommercial-ShareAlike License lets others remix, tweak, and build upon your work non-commercially, as long as they credit you and license their new creations under the identical terms.",Thoughtful Learning
000409f8-1dbe-5d1b-a671-01cb9fed4530,Touchable Earth (en),,,Special Permissions,Permission has been granted by Touchable Earth to distribute this content through Kolibri.,Touchable Earth Foundation (New Zealand)
b336c2e2-c45c-53d5-b24e-5c476a54b077,Touchable Earth (fr),,,Special Permissions,Permission has been granted by Touchable Earth to distribute this content through Kolibri.,Touchable Earth Foundation (New Zealand)
08a53136-a155-5f64-b049-6b3e1318b0cd,Ubongo Kids,,,CC BY-NC-ND,"The Attribution-NonCommercial-NoDerivs License is the most restrictive of our six main licenses, only allowing others to download your works and share them with others as long as they credit you, but they can't change them in any way or use them commercially.",Ubongo Media
237e5975-bce2-5bf6-aff3-98f4c17516f3,,,,,,
